,,,,,
,,,,,
Accomodations,,,,,
Name ,Web,Instagram,Pictures,,Contact/info
Esquilino area,,,,,
Hotel Mediterraneo,https://www.bettojahotels.it/,,https://drive.google.com/file/d/1SyGpx0Y5IAOmbVVypVEhctE3jCnc36ly/view?usp=drive_link,,Irene Lodigiani: +393343999567
Hotel Massimo d'Azeglio,https://www.bettojahotels.it/,,https://drive.google.com/file/d/1tApmCvJTq_hIAPbJ1PIlX1wMD764kMqi/view?usp=drive_link,https://drive.google.com/file/d/1eVjmL14fhOgk63mv2IXa51v30-kfWOul/view?usp=drive_link,Irene Lodigiani: +393343999567
Hotel Atlantico,https://www.bettojahotels.it/,,https://drive.google.com/file/d/1wfIXrcuW3cDT063zdpsXfeQdzaAucdek/view?usp=drive_link,https://drive.google.com/file/d/1n32T8h2QdBJMitP8-S-T68oqJoHLfddK/view?usp=drive_link,Irene Lodigiani: +393343999567
Hotel Nord Nuova Roma,https://www.hotelnordnuovaroma.it/,,https://drive.google.com/file/d/1NnXWIfBEiaEvguPWER9kqHBWQbZKoeTS/view?usp=drive_link,https://drive.google.com/file/d/1_R818uwK33byIM4g0W6m4cmUdrdm9z5T/view?usp=drive_link,
Modo Rooms & Suites,https://modo-rooms.bedsandhotels.com/,,https://drive.google.com/file/d/1B9XuCcg6MHOMrASHXNsZgpHEhkq6uuo6/view?usp=drive_link,,
Hotel Filippo Roma,http://www.hotelfilipporoma.it/,,https://drive.google.com/file/d/1AEsTt-ZK1qKIDMfz6c-7TjDD_07VJprJ/view?usp=drive_link,https://drive.google.com/file/d/11zpyvZCuV2xYENF4Fvs8sHhpmZGJ_6iz/view?usp=drive_link,
Hotel Flavio,https://www.hotelflavio.it/,,https://drive.google.com/file/d/1-PatTTNfvxsllrv4RyDx3Wpmr4M2b61v/view?usp=drive_link,https://drive.google.com/file/d/1DNvFrRva5nU-IoYoxBbXW25cI205rEJ3/view?usp=drive_link,
B&B Hotel Roma Italia Viminale,https://www.hotelviminalerome.com,,https://drive.google.com/file/d/17mxyEcTv94lRPjgjCaf6sh_Niim89CCC/view?usp=drive_link,https://drive.google.com/file/d/1AVu1Faxeg7oePYIvNpDVybJqDjO-Yi6x/view?usp=drive_link,
Hotel Napoleon,https://www.napoleon.it/,,https://drive.google.com/file/d/1nhyyK68YL9iuwaysm_xot4Jutr7bfayq/view?usp=drive_link,https://drive.google.com/file/d/1CkrD92eR-2w8bmCIVNEPS464JIq0UKph/view?usp=drive_link,
City Center/Piazza di Spagna area,,,,,
Palazzo Talia (Boutique Hotel Studio Sorrentino),https://www.palazzotalia.com/it/,,https://drive.google.com/file/d/1xXsGCWhJLRfPp-eI2xv7xk0qbe5aV4cl/view?usp=drive_link,https://drive.google.com/file/d/1GBGmuyMgxReB8DdyH359iFxB9AvdkYgI/view?usp=drive_link,
San Lorenzo area,,,,,
Soho House Rome,https://www.sohohouse.com/it/houses/soho-house-rome,,https://drive.google.com/file/d/1gYlXStQMRGbJPeTHSRzWYkzsp56bssat/view?usp=drive_link,https://drive.google.com/file/d/10klp_fUOGAiJQuLfVjPyB6xq-Z7qMCU2/view?usp=drive_link,
Private Apartments,,,,,
Throughout the city,?,,,,Carlotta: +393404866486
Appartamento Mola/Castel Sant'Angelo,?,,,,Angelica at +393396346953
Food & Drink,,,,,
Name ,Web,Instagram,Ç,,Contact/info
Esquilino area,,,,,
Forno Conti & Co.,,https://www.instagram.com/fornoconti.roma/,https://drive.google.com/file/d/1CtV1ctCtM1lKpzjDPiuTAg-4mD6nXDKE/view?usp=drive_link,https://drive.google.com/file/d/140Xn9l3Paplrw44NMe_DMEldyMGmMz63/view?usp=drive_link,
"Casa Dante (all-day hangout: breakfast, lunch, aperitivo)",,https://www.instagram.com/casadanteroma,https://drive.google.com/file/d/1KIVpGLIaobN1RPKP0HZIBI2p4nd8q654/view?usp=drive_link,,
Salotto Caronte,,https://www.instagram.com/salottocaronte/,https://drive.google.com/file/d/1yUkj93fql8ACX-Lg5a1slOWVT-mRMTzp/view?usp=drive_link,,
Nuovo Mercato Esquilino,Nuovo Mercato Esquilino (ex Piazza Vittorio) - Mercati di Roma,,https://drive.google.com/file/d/11lX_VdYunr5cjfzMYLBzm1lUV9AnHIDO/view?usp=drive_link,,
Kathmandu,,https://www.instagram.com/explore/locations/709405365740656/kathmandu-fast-food-roma/,https://drive.google.com/file/d/1mw54QgwL286ZkRr7TF1lJWaAjosGr4l2/view?usp=drive_link,,
Roscioli Esquilino,https://www.fornoroscioliesquilino.it/,https://www.instagram.com/fornoroscioliesquilino/,https://drive.google.com/file/d/12uS9hdW5EwRX5F60q5VTfvnNnYhM_jJ6/view?usp=drive_link,,
Da Rocco,,https://www.instagram.com/roccoristorante/,https://drive.google.com/file/d/1sPp_VdNVdkKr6IdjU1zG0v2wJNL0QV7u/view?usp=drive_link,,
Tea and Noodles,https://tea-noodles.goto-where.com/,,https://drive.google.com/file/d/190OsyR04Tn9NZR5P2_7dISBP2-b9kY8t/view?usp=drive_link,,
City Center,,,,,
Enoteca Spiriti (Piazza di Pietra),,https://www.instagram.com/enotecaspiritii/,https://drive.google.com/file/d/1LOiZqUKDX4_80H0r-wHZRpmWUJiqt4NB/view?usp=drive_link,,
Il Salotto 42 (Piazza di Pietra),https://www.salotto42.it/,https://www.instagram.com/salotto42/,https://drive.google.com/file/d/140Xn9l3Paplrw44NMe_DMEldyMGmMz63/view?usp=drive_link,,
Retrovino/Retrobottega,https://www.retro-bottega.com/,https://www.instagram.com/retro_bottega/,https://drive.google.com/file/d/1bfu9t2Fsvt93bXiEdJSfe2-5c1jJTkU3/view?usp=drive_link,,
Al Pompiere,https://www.alpompiereroma.com/,https://www.instagram.com/ristorantealpompiere/,https://drive.google.com/file/d/1unAFQWhgbyw6Wy2jpSb4gDeQ1okVI6cy/view?usp=drive_link,,
Zuma,https://www.zumarestaurant.com/en/rome?utm_source=InfoButtonClick&utm_medium=Home&utm_campaign=GoogleBusinessProfile,https://www.instagram.com/zumarome/,https://drive.google.com/file/d/1rAIQ1XINk48D3JRUnSUq4eO__E34lhFW/view?usp=drive_link,,
Camponeschi,https://www.ristorantecamponeschi.it/,https://www.instagram.com/ristorante_camponeschi/,https://drive.google.com/file/d/1ACwUG4saygP8nu0Al5_vANILDPLHS_oN/view?usp=drive_link,,
Antica Latteria,https://www.anticalatteriaroma.it/,,https://drive.google.com/file/d/1_6dhld5hti_9fFLLdZapQnlvy6z02AbX/view?usp=drive_link,,
Roscioli Forno,https://www.anticofornoroscioli.it/,https://www.instagram.com/anticofornoroscioli/?hl=it,https://drive.google.com/file/d/12uS9hdW5EwRX5F60q5VTfvnNnYhM_jJ6/view?usp=drive_link,,
Ristorante Dal Bolognese,https://roma.dalbolognese.it/,https://www.instagram.com/dalbolognese/,https://drive.google.com/file/d/1qtPCfvR3cNJxIEIsW3xghEkCA1pTr9fG/view?usp=drive_link,,
"Mandaloun (Lebanese, Via Porta Pinciana)",,https://www.instagram.com/mandaloun_lebanese/,https://drive.google.com/file/d/1BM7AiMXEXqjr6xJkGjK2HkLvfdxIvcLd/view?usp=drive_link,,
Jewish Quarter,,,,,
BaGhetto,https://www.baghetto.com/,https://www.instagram.com/baghettorestaurants/,https://drive.google.com/file/d/19maeUvkyNZLUUQGgo5TqvcKbRaj2qbG-/view?usp=drive_link,,Typical dish: Jewish artichokes
Tartaruga,https://www.tartarughebar.it/,https://www.instagram.com/tartarughe_barbottega/,https://drive.google.com/file/d/1GW2j7-7QOZb0feYMg9CuAs67Zru4Dl6e/view?usp=drive_link,,Typical dish: Jewish artichokes
Sightseeing,,,,,
Name ,Web,Instagram,Pictures,,Contact/info
Santa Maria Maggiore (where Pope Francis is buried),- ,- ,https://drive.google.com/file/d/1tm1kH5TTXXIubP65nDomx2DPpYndnpu5/view?usp=drive_link,,- 
San Giovanni in Laterano,- ,- ,https://drive.google.com/file/d/1QgZUL_CLyIUz3R0xrTCwiab5eNlYGg7E/view?usp=drive_link,,- 
San Clemente,- ,- ,https://drive.google.com/file/d/1IP8GmX-EX_HxJo5im7EvLuVARE0JXeIc/view?usp=drive_link,,- 
Colosseum,- ,- ,https://drive.google.com/file/d/1nrUiJwPkaCPB1i4qGJ7_iDgoaui-GgZj/view?usp=drive_link,,- 
Catacombs,- ,- ,https://drive.google.com/file/d/1Qe3TMXFaIAoNacALyouC7_cRrXVznx5m/view?usp=drive_link,,- 
Cripta dei Cappuccini,- ,- ,https://drive.google.com/file/d/1ChBST0OwsmG46YHImLjEjjsfDyb4eMBi/view?usp=drive_link,,- 
Roman Forum,- ,- ,https://drive.google.com/file/d/1mJiL_lHcVboE6NY6S85A3jFEdg8HPUQu/view?usp=drive_link,,- 
St. Peter's Basilica,- ,- ,https://drive.google.com/file/d/15c5N5tzloEfbAw3VF4hoKl_BIHosiEdi/view?usp=drive_link,,- 
Vatican Museums,- ,- ,https://drive.google.com/file/d/1Hk2m4qYNhF6W_Uxj0jgLs9rgWN9fpV0F/view?usp=drive_link,,- 
Castel Sant'Angelo,- ,- ,https://drive.google.com/file/d/1cRDWOzUXTu1TJkLkze3qZtHhjxx7jNWk/view?usp=drive_link,,- 
Musei Capitolini,- ,- ,https://drive.google.com/file/d/13bbY_DP4DyfIONtZziBoEzDqJMyQtzdO/view?usp=drive_link,,- 
Bocca della Verità,- ,- ,https://drive.google.com/file/d/1rGCOW9OYhF6DVL0ki1ZGNe3TcJYkwTiY/view?usp=drive_link,,- 
Palazzo Altemps ,- ,- ,https://drive.google.com/file/d/1ygtZYxJH74oD6159L71ih-jxUQ5MUUpo/view?usp=drive_link,,- 
Villa Borghese,- ,- ,https://drive.google.com/file/d/1ry_15MP3BRzPtC-CRwxYigdZk7ni7OZG/view?usp=drive_link,,- 
Spanish Steps,- ,- ,https://drive.google.com/file/d/1tHZKR9qucfprOHCJYSyjuZlhz-PXj4j4/view?usp=drive_link,,- 
Piazza Navona,- ,- ,https://drive.google.com/file/d/1qkCgr4wUJNhwG08WpgaCYDq9JMOrK7xj/view?usp=drive_link,,- 
Piazza Farnese,- ,- ,https://drive.google.com/file/d/1h_LiFNiI6oWbmUsLudbPNinAeqW4jPCj/view?usp=drive_link,,- 
The Jewish Quarter,- ,- ,https://drive.google.com/file/d/1k-ts1LzUj-etpcrZXxnqjdMI6JPzQv3l/view?usp=drive_link,,- 
Trastevere,- ,- ,https://drive.google.com/file/d/1cprKJnqSCOJOb0QRqb4nOsfMrbwq1gGZ/view?usp=drive_link,,- 
"For some museums, it is advisable to book tickets in advance*",,,,,
Tour Guides,,,,,
Name ,Contact/info,,,,
Chiara Roscioli,"00 393921275963 (English, German, Italian)",,,,
Evelina,"00393387339838 (Spanish, Italian)",,,,
Evening Hotspots,,,,,
Name ,Web,Instagram,Pictures,,Contact/info
Piazza di Pietra,,,https://drive.google.com/file/d/1Cx-hzpajeLV1vGucKi6p4ylNmO1Tt8BD/view?usp=drive_link,,
Testaccio,,,https://drive.google.com/file/d/1cjPxEY1ewEDbYSfAS7bdN-jmaUvQpRQX/view?usp=drive_link,,
Monti,,,https://drive.google.com/file/d/1XxRCx2jSruJsEAqmDqFOOW6m8YsNWpgk/view?usp=drive_link,,
Trastevere,,,https://drive.google.com/file/d/1OzUkLKEHq357zSuupuxK0AETnXz_YqWa/view?usp=drive_link,,
San Lorenzo,,,https://drive.google.com/file/d/1qQNE9AUqAOcGLtofEu_d55cvQIINj6Cv/view?usp=drive_link,,
Day Trips from Rome,,,,,
Name ,Web,Instagram,Pictures,,Contact/info
Ostia Antica Beach,,,https://drive.google.com/file/d/1LFj4gLTCTrrdMuCPdaYym94lJjANPzc_/view?usp=drive_link,,
Ostia Beach,,,https://drive.google.com/file/d/1TCXl9yDEl3gw95beyGl4O1A_8kSKnKTh/view?usp=drive_link,,
Fregene Beach,,,https://drive.google.com/file/d/1H2Fwal3Rn9ky2VEqEjnDvNlK8M20TwS3/view?usp=drive_link,,
"For a restaurant and beach club, ""Il Patio,"" you can contact Federica Mondi at +393395422153*",,,,,
,,,,,
google map with all the tips*,,,,,